model,cohort,seed,epoch,loss,seconds,evaluated,valid_coverage@10,valid_coverage@20,valid_hit_rate@10,valid_hit_rate@20,valid_ndcg@10,valid_ndcg@20,valid_recall@10,valid_recall@20,note
lightgcn,active,2022,1,0.6784712163920991,0.9,False,,,,,,,,,
lightgcn,active,2022,2,0.6586440049785824,1.5,False,,,,,,,,,
lightgcn,active,2022,3,0.6173790541025881,2.2,False,,,,,,,,,
lightgcn,active,2022,4,0.5502293345682951,2.8,False,,,,,,,,,
lightgcn,active,2022,5,0.4697867339103134,3.4,True,0.0038888055481831087,0.007154479050069814,0.029914529914529916,0.04700854700854701,0.005745908535273068,0.007387383712775676,0.007808527629715213,0.014031302310092232,best
lightgcn,active,2022,6,0.39253331552429205,4.4,False,,,,,,,,,
lightgcn,active,2022,7,0.32777415513133096,5.0,False,,,,,,,,,
lightgcn,active,2022,8,0.2771394521946078,5.7,False,,,,,,,,,
lightgcn,active,2022,9,0.23934162417544222,6.3,False,,,,,,,,,
lightgcn,active,2022,10,0.20976645867031396,6.9,True,0.004627332417867735,0.008227650907580287,0.038461538461538464,0.0641025641025641,0.007880355677668741,0.01004705114864128,0.016913601343425906,0.023515726268200404,best
lightgcn,active,2022,11,0.1838892990799868,8.0,False,,,,,,,,,
lightgcn,active,2022,12,0.1635412268208322,8.7,False,,,,,,,,,
lightgcn,active,2022,13,0.14689385800125432,9.3,False,,,,,,,,,
lightgcn,active,2022,14,0.13487287859779118,10.0,False,,,,,,,,,
lightgcn,active,2022,15,0.12163039257318138,10.7,True,0.005723583240055851,0.01037399462260123,0.05128205128205128,0.06837606837606838,0.009439413538316581,0.010881447903056321,0.018195043864184666,0.023986243405384206,best
lightgcn,active,2022,16,0.11161424102437588,11.7,False,,,,,,,,,
lightgcn,active,2022,17,0.10243574066029085,12.3,False,,,,,,,,,
lightgcn,active,2022,18,0.09523195835847298,12.9,False,,,,,,,,,
lightgcn,active,2022,19,0.08731393325094838,13.5,False,,,,,,,,,
lightgcn,active,2022,20,0.08362749297079068,14.1,True,0.00683137354458279,0.012208772314473973,0.042735042735042736,0.06837606837606838,0.007494332378075275,0.01030669801919294,0.013865309271292179,0.023943076695550833,khong cai thien (1/20)
lightgcn,active,2022,21,0.07734068623089409,15.1,False,,,,,,,,,
lightgcn,active,2022,22,0.07209016711710918,15.7,False,,,,,,,,,
lightgcn,active,2022,23,0.06883744886527705,16.3,False,,,,,,,,,
lightgcn,active,2022,24,0.064825752209022,17.0,False,,,,,,,,,
lightgcn,active,2022,25,0.061163078268156784,17.6,True,0.007419887143862726,0.01366274708916558,0.038461538461538464,0.06837606837606838,0.007782695078430817,0.010951112078510352,0.013331121237104143,0.023943076695550833,best
lightgcn,active,2022,26,0.05854476528614715,18.6,False,,,,,,,,,
lightgcn,active,2022,27,0.055708433779875735,19.2,False,,,,,,,,,
lightgcn,active,2022,28,0.05255540582550539,19.8,False,,,,,,,,,
lightgcn,active,2022,29,0.051031903453933804,20.5,False,,,,,,,,,
lightgcn,active,2022,30,0.04791548587342852,21.1,True,0.007985321778465018,0.01472437946433723,0.03418803418803419,0.06837606837606838,0.007438790716275554,0.01170419625304509,0.013396770608309069,0.026994808913949713,best
lightgcn,active,2022,31,0.04682554683043236,22.2,False,,,,,,,,,
lightgcn,active,2022,32,0.045100338493977786,22.9,False,,,,,,,,,
lightgcn,active,2022,33,0.0430570096785321,23.5,False,,,,,,,,,
lightgcn,active,2022,34,0.04142764532574721,24.2,False,,,,,,,,,
lightgcn,active,2022,35,0.040444227232515395,24.8,True,0.008539216930728488,0.015612919604426545,0.04700854700854701,0.07264957264957266,0.00944244594845263,0.012584574114912138,0.01711774390867958,0.028351476937284403,best
lightgcn,active,2022,36,0.03848968533213235,25.8,False,,,,,,,,,
lightgcn,active,2022,37,0.03773863801249316,26.4,False,,,,,,,,,
lightgcn,active,2022,38,0.03655828426286711,27.1,False,,,,,,,,,
lightgcn,active,2022,39,0.035134735085482524,27.7,False,,,,,,,,,
lightgcn,active,2022,40,0.03421771631928615,28.3,True,0.008885401400893157,0.016351446474111173,0.038461538461538464,0.0641025641025641,0.0086529717721803,0.012209829722343607,0.01563701216478994,0.027867896190545766,khong cai thien (1/20)
lightgcn,active,2022,41,0.032853174425001117,29.3,False,,,,,,,,,
lightgcn,active,2022,42,0.032616922534830534,30.0,False,,,,,,,,,
lightgcn,active,2022,43,0.03150801601113142,30.6,False,,,,,,,,,
lightgcn,active,2022,44,0.03046611029172096,31.2,False,,,,,,,,,
lightgcn,active,2022,45,0.029864872722335685,31.9,True,0.009081572600653134,0.017066894379118153,0.04700854700854701,0.06837606837606838,0.00955183222010586,0.012592170664802445,0.017116302105618347,0.028390481142955278,best
lightgcn,active,2022,46,0.029231052458886853,32.8,False,,,,,,,,,
lightgcn,active,2022,47,0.028289299043592186,33.5,False,,,,,,,,,
lightgcn,active,2022,48,0.0275140302557173,34.1,False,,,,,,,,,
lightgcn,active,2022,49,0.027088062498889974,34.7,False,,,,,,,,,
lightgcn,active,2022,50,0.02569143444088426,35.4,True,0.009450836035495448,0.0177131053900922,0.042735042735042736,0.06837606837606838,0.009446073827459399,0.012785120051233688,0.017061513589291366,0.028390481142955278,best
lightgcn,active,2022,51,0.025554451934840405,36.5,False,,,,,,,,,
lightgcn,active,2022,52,0.024808832860303005,37.1,False,,,,,,,,,
lightgcn,active,2022,53,0.024956715066710586,37.8,False,,,,,,,,,
lightgcn,active,2022,54,0.02393127384115889,38.5,False,,,,,,,,,
lightgcn,active,2022,55,0.02403922869676619,39.1,True,0.009658546717594248,0.01830161898937214,0.04700854700854701,0.06837606837606838,0.009636250274962312,0.012752806258682041,0.017116302105618347,0.02876160125091749,khong cai thien (1/20)
lightgcn,active,2022,56,0.02329001807475132,40.1,False,,,,,,,,,
lightgcn,active,2022,57,0.022826858406903707,40.7,False,,,,,,,,,
lightgcn,active,2022,58,0.022540792625432238,41.4,False,,,,,,,,,
lightgcn,active,2022,59,0.02194246816236657,42.0,False,,,,,,,,,
lightgcn,active,2022,60,0.02151505215124868,42.6,True,0.009947033776064805,0.018855514141635606,0.04700854700854701,0.07692307692307693,0.009636250274962312,0.013239372185442267,0.017116302105618347,0.03024233299480713,best
lightgcn,active,2022,61,0.02077860822329731,43.6,False,,,,,,,,,
lightgcn,active,2022,62,0.020265797412607808,44.2,False,,,,,,,,,
lightgcn,active,2022,63,0.020664558245160752,44.9,False,,,,,,,,,
lightgcn,active,2022,64,0.019959090848951123,45.5,False,,,,,,,,,
lightgcn,active,2022,65,0.019424185068326237,46.1,True,0.010143204975824785,0.019247856541155565,0.04700854700854701,0.07264957264957266,0.009665106321639248,0.012281542661941465,0.0175957016234794,0.025968828721302857,khong cai thien (1/20)
lightgcn,active,2022,66,0.018970858207817458,47.1,False,,,,,,,,,
lightgcn,active,2022,67,0.01839292707867971,47.7,False,,,,,,,,,
lightgcn,active,2022,68,0.01851682491280957,48.3,False,,,,,,,,,
lightgcn,active,2022,69,0.018041330146204227,48.9,False,,,,,,,,,
lightgcn,active,2022,70,0.018220162398790825,49.6,True,0.010350915657923586,0.019870988587451968,0.04700854700854701,0.07264957264957266,0.009702035816087346,0.012304040706793133,0.0175957016234794,0.025968828721302857,khong cai thien (2/20)
lightgcn,active,2022,71,0.017822364459840426,50.7,False,,,,,,,,,
lightgcn,active,2022,72,0.01751839330293407,51.4,False,,,,,,,,,
lightgcn,active,2022,73,0.017332792395575006,52.0,False,,,,,,,,,
lightgcn,active,2022,74,0.017213011125881632,52.7,False,,,,,,,,,
lightgcn,active,2022,75,0.01685221264427294,53.3,True,0.010593244787038854,0.020205633575277812,0.042735042735042736,0.06837606837606838,0.00959086964487729,0.012355887340109954,0.017061513589291366,0.02591404020497588,khong cai thien (3/20)
lightgcn,active,2022,76,0.017037781906857438,54.3,False,,,,,,,,,
lightgcn,active,2022,77,0.016227152674798212,54.9,False,,,,,,,,,
lightgcn,active,2022,78,0.01608420611231897,55.5,False,,,,,,,,,
lightgcn,active,2022,79,0.015778781483648516,56.1,False,,,,,,,,,
lightgcn,active,2022,80,0.015584092069038316,56.8,True,0.01073171857510472,0.02059797597479777,0.042735042735042736,0.06837606837606838,0.009368969950253228,0.012090191645316673,0.017061513589291366,0.02576835255928823,khong cai thien (4/20)
lightgcn,active,2022,81,0.01536596347806558,57.7,False,,,,,,,,,
lightgcn,active,2022,82,0.015412607832485761,58.3,False,,,,,,,,,
lightgcn,active,2022,83,0.015119117245731912,59.0,False,,,,,,,,,
lightgcn,active,2022,84,0.014621128246177277,59.6,False,,,,,,,,,
lightgcn,active,2022,85,0.014642280432850641,60.2,True,0.011147139939302322,0.02089800251560715,0.04700854700854701,0.06837606837606838,0.009576070459019018,0.012020990921669621,0.01711774390867958,0.02576835255928823,khong cai thien (5/20)
lightgcn,active,2022,86,0.014406588641190909,61.2,False,,,,,,,,,
lightgcn,active,2022,87,0.01445854899713358,61.8,False,,,,,,,,,
lightgcn,active,2022,88,0.014128174179310244,62.4,False,,,,,,,,,
lightgcn,active,2022,89,0.013970986934817287,63.1,False,,,,,,,,,
lightgcn,active,2022,90,0.013856985504994047,63.8,True,0.011424087515434058,0.02134804232682122,0.038461538461538464,0.07692307692307693,0.0088692616225599,0.01329286606818648,0.01563701216478994,0.03010969023395924,best
lightgcn,active,2022,91,0.013609825129819,64.8,False,,,,,,,,,
lightgcn,active,2022,92,0.013455334281024097,65.5,False,,,,,,,,,
lightgcn,active,2022,93,0.01364664121625423,66.2,False,,,,,,,,,
lightgcn,active,2022,94,0.013251771356066923,66.8,False,,,,,,,,,
lightgcn,active,2022,95,0.013411179325013858,67.4,True,0.011643337679871682,0.021682687314647064,0.038461538461538464,0.07692307692307693,0.0088692616225599,0.013559656542057747,0.01563701216478994,0.03082194094620995,best
lightgcn,active,2022,96,0.012553941931986973,68.4,False,,,,,,,,,
lightgcn,active,2022,97,0.012685655734365558,69.0,False,,,,,,,,,
lightgcn,active,2022,98,0.013023361512942661,69.7,False,,,,,,,,,
lightgcn,active,2022,99,0.012966349252157996,70.3,False,,,,,,,,,
lightgcn,active,2022,100,0.01239608597791316,70.9,True,0.011597179750516391,0.021878858514407042,0.03418803418803419,0.07264957264957266,0.008779025236282918,0.013632824965813412,0.015369918147695925,0.030765710626821735,best
lightgcn,active,2022,101,0.0121980388060582,71.9,False,,,,,,,,,
lightgcn,active,2022,102,0.012410523235601175,72.5,False,,,,,,,,,
lightgcn,active,2022,103,0.011939541545292016,73.1,False,,,,,,,,,
lightgcn,active,2022,104,0.01193784467184615,73.7,False,,,,,,,,,
lightgcn,active,2022,105,0.012006148268675004,74.4,True,0.01183950887963166,0.02210964816118349,0.03418803418803419,0.07692307692307693,0.008902172931686828,0.013924498440072354,0.015369918147695925,0.03082194094620995,best
lightgcn,active,2022,106,0.011862429786796526,75.3,False,,,,,,,,,
lightgcn,active,2022,107,0.01200111019907022,76.0,False,,,,,,,,,
lightgcn,active,2022,108,0.011718230836022952,76.6,False,,,,,,,,,
lightgcn,active,2022,109,0.01162233324696996,77.2,False,,,,,,,,,
lightgcn,active,2022,110,0.01139713247449706,77.9,True,0.012012601114713995,0.022432753666670514,0.04700854700854701,0.07692307692307693,0.010528101910216971,0.01416314583640701,0.018275151316086986,0.03082194094620995,best
lightgcn,active,2022,111,0.01173429206102764,78.9,False,,,,,,,,,
lightgcn,active,2022,112,0.01101318035479322,79.6,False,,,,,,,,,
lightgcn,active,2022,113,0.010652129038406542,80.2,False,,,,,,,,,
lightgcn,active,2022,114,0.011047070270811353,80.9,False,,,,,,,,,
lightgcn,active,2022,115,0.010767640063778925,81.5,True,0.01213953542044104,0.022698161760463426,0.042735042735042736,0.0811965811965812,0.010068937213474224,0.013852809713352468,0.01821892099669877,0.030643878268147275,khong cai thien (1/20)
lightgcn,active,2022,116,0.010838681063096628,82.5,False,,,,,,,,,
lightgcn,active,2022,117,0.010534104682626215,83.1,False,,,,,,,,,
lightgcn,active,2022,118,0.010902211255512377,83.7,False,,,,,,,,,
lightgcn,active,2022,119,0.010601372728659613,84.3,False,,,,,,,,,
lightgcn,active,2022,120,0.010394198706763492,85.0,True,0.012197232832135151,0.02302126726595045,0.042735042735042736,0.07692307692307693,0.009446647568128075,0.01338934881488824,0.01821892099669877,0.03147796133907245,khong cai thien (2/20)
lightgcn,active,2022,121,0.01058855091797682,85.9,False,,,,,,,,,
lightgcn,active,2022,122,0.01022840838590466,86.5,False,,,,,,,,,
lightgcn,active,2022,123,0.010212697777118458,87.2,False,,,,,,,,,
lightgcn,active,2022,124,0.010087398471671302,87.8,False,,,,,,,,,
lightgcn,active,2022,125,0.010158249144009004,88.4,True,0.012301088173184552,0.02332129380675983,0.042735042735042736,0.07692307692307693,0.009610604999369556,0.013408049364350425,0.01821892099669877,0.03058764794875906,khong cai thien (3/20)
lightgcn,active,2022,126,0.009881756899940948,89.4,False,,,,,,,,,
lightgcn,active,2022,127,0.010003625785396444,90.0,False,,,,,,,,,
lightgcn,active,2022,128,0.009585523672719108,90.6,False,,,,,,,,,
lightgcn,active,2022,129,0.010091555309349414,91.3,False,,,,,,,,,
lightgcn,active,2022,130,0.009191827349522477,91.9,True,0.012485719890605708,0.023598241382891565,0.042735042735042736,0.07692307692307693,0.009853985073569455,0.013910474293923959,0.01821892099669877,0.03146635825729393,khong cai thien (4/20)
lightgcn,active,2022,131,0.009643431014846873,93.1,False,,,,,,,,,
lightgcn,active,2022,132,0.009566375057048907,93.7,False,,,,,,,,,
lightgcn,active,2022,133,0.009365217343509175,94.4,False,,,,,,,,,
lightgcn,active,2022,134,0.009569794599871144,95.1,False,,,,,,,,,
lightgcn,active,2022,135,0.009373647790543487,95.7,True,0.012647272643349219,0.02392134688837859,0.04700854700854701,0.07264957264957266,0.010252567374272966,0.013537040148348774,0.01860742138519916,0.030053459914571024,khong cai thien (5/20)
lightgcn,active,2022,136,0.00931253447830477,96.6,False,,,,,,,,,
lightgcn,active,2022,137,0.009445658618958084,97.3,False,,,,,,,,,
lightgcn,active,2022,138,0.00920396848630816,97.9,False,,,,,,,,,
lightgcn,active,2022,139,0.00905664272556203,98.5,False,,,,,,,,,
lightgcn,active,2022,140,0.009107543813532811,99.1,True,0.012831904360770375,0.02414059705281621,0.04700854700854701,0.0811965811965812,0.011200125418429461,0.014164753610827929,0.022492425270203044,0.031534191658460664,best
lightgcn,active,2022,141,0.00896377735814181,100.1,False,,,,,,,,,
lightgcn,active,2022,142,0.009040089676574145,100.8,False,,,,,,,,,
lightgcn,active,2022,143,0.009014738859211788,101.4,False,,,,,,,,,
lightgcn,active,2022,144,0.009014722468166198,102.0,False,,,,,,,,,
lightgcn,active,2022,145,0.00882903663930915,102.7,True,0.012889601772464487,0.024371386699592656,0.05128205128205128,0.08547008547008547,0.01149773242597198,0.014459505655774953,0.022880925658703432,0.0320683796926487,best
lightgcn,active,2022,146,0.008832150518406327,103.6,False,,,,,,,,,
lightgcn,active,2022,147,0.00868223915145452,104.3,False,,,,,,,,,
lightgcn,active,2022,148,0.008666888661913593,104.9,False,,,,,,,,,
lightgcn,active,2022,149,0.009037882091058536,105.6,False,,,,,,,,,
lightgcn,active,2022,150,0.008280281540941308,106.2,True,0.013016536078191532,0.024579097381691457,0.05128205128205128,0.0811965811965812,0.01124167239968382,0.014190488839836304,0.022880925658703432,0.03196154208581109,khong cai thien (1/20)
lightgcn,active,2022,151,0.008498394999103808,107.3,False,,,,,,,,,
lightgcn,active,2022,152,0.008372781517132739,108.0,False,,,,,,,,,
lightgcn,active,2022,153,0.008593063197080447,108.6,False,,,,,,,,,
lightgcn,active,2022,154,0.008413152444961823,109.3,False,,,,,,,,,
lightgcn,active,2022,155,0.008153106274387034,109.9,True,0.013039615042869176,0.024752189616773793,0.05128205128205128,0.0811965811965812,0.011390903022332631,0.014369819683679863,0.022880925658703432,0.03196154208581109,khong cai thien (2/20)
lightgcn,active,2022,156,0.008113345378228129,110.9,False,,,,,,,,,
lightgcn,active,2022,157,0.008236310334152286,111.5,False,,,,,,,,,
lightgcn,active,2022,158,0.008167581261572581,112.1,False,,,,,,,,,
lightgcn,active,2022,159,0.00806980621229595,112.8,False,,,,,,,,,
lightgcn,active,2022,160,0.008183775579894512,113.4,True,0.013178088830935044,0.024775268581451435,0.04700854700854701,0.07692307692307693,0.010910345705515046,0.013970748469420431,0.02145642423420201,0.03147796133907245,khong cai thien (3/20)
lightgcn,active,2022,161,0.008120702091712681,114.4,False,,,,,,,,,
lightgcn,active,2022,162,0.008043049072209313,115.0,False,,,,,,,,,
lightgcn,active,2022,163,0.00801255567178184,115.6,False,,,,,,,,,
lightgcn,active,2022,164,0.008159659383275062,116.2,False,,,,,,,,,
lightgcn,active,2022,165,0.007881225119134593,116.9,True,0.013270404689645623,0.02499451874588906,0.042735042735042736,0.07692307692307693,0.010525411838869403,0.013929494422469416,0.021067923845701622,0.03147796133907245,khong cai thien (4/20)
lightgcn,active,2022,166,0.007841201793631286,117.8,False,,,,,,,,,
lightgcn,active,2022,167,0.007707614625070945,118.5,False,,,,,,,,,
lightgcn,active,2022,168,0.007943511532799052,119.1,False,,,,,,,,,
lightgcn,active,2022,169,0.007919457059752888,119.8,False,,,,,,,,,
lightgcn,active,2022,170,0.007748221270788952,120.4,True,0.01335118106601738,0.02515607149863257,0.042735042735042736,0.07692307692307693,0.010402264143465493,0.013796744471292439,0.021067923845701622,0.03147796133907245,khong cai thien (5/20)
lightgcn,active,2022,171,0.0077832137127456825,121.5,False,,,,,,,,,
lightgcn,active,2022,172,0.007720786280712958,122.2,False,,,,,,,,,
lightgcn,active,2022,173,0.007589108377269302,122.9,False,,,,,,,,,
lightgcn,active,2022,174,0.0076926852554751995,123.5,False,,,,,,,,,
lightgcn,active,2022,175,0.0076906486683594125,124.1,True,0.013524273301099713,0.02530608476903726,0.04700854700854701,0.07264957264957266,0.010919096175948603,0.013517053505954401,0.02145642423420201,0.030053459914571028,khong cai thien (6/20)
lightgcn,active,2022,176,0.007452762541073431,125.1,False,,,,,,,,,
lightgcn,active,2022,177,0.0074980646370443734,125.7,False,,,,,,,,,
lightgcn,active,2022,178,0.007298995795626268,126.3,False,,,,,,,,,
lightgcn,active,2022,179,0.007376627495730443,126.9,False,,,,,,,,,
lightgcn,active,2022,180,0.007263848399871621,127.5,True,0.01381276035957027,0.02549071648645842,0.04700854700854701,0.0811965811965812,0.011114956575739637,0.015350695631832865,0.02145642423420201,0.03621782024559802,best
lightgcn,active,2022,181,0.0074045238110672556,128.5,False,,,,,,,,,
lightgcn,active,2022,182,0.0072780740767892,129.1,False,,,,,,,,,
lightgcn,active,2022,183,0.007311614995345955,129.8,False,,,,,,,,,
lightgcn,active,2022,184,0.0074006960569684655,130.4,False,,,,,,,,,
lightgcn,active,2022,185,0.0071882744413915645,131.0,True,0.013835839324247914,0.025629190274524285,0.042735042735042736,0.0811965811965812,0.010831818868669598,0.015379236412401501,0.021067923845701622,0.03621782024559802,best
lightgcn,active,2022,186,0.007231400109222391,132.0,False,,,,,,,,,
lightgcn,active,2022,187,0.007039829707560467,132.6,False,,,,,,,,,
lightgcn,active,2022,188,0.007280257277436238,133.3,False,,,,,,,,,
lightgcn,active,2022,189,0.0074885449008114825,134.0,False,,,,,,,,,
lightgcn,active,2022,190,0.007018928721478198,134.6,True,0.013881997253603203,0.025940756297672486,0.042735042735042736,0.08547008547008547,0.010860985990913353,0.015856347090755465,0.021067923845701622,0.03699790435901547,best
lightgcn,active,2022,191,0.007282240918805727,135.7,False,,,,,,,,,
lightgcn,active,2022,192,0.006977288086830267,136.4,False,,,,,,,,,
lightgcn,active,2022,193,0.006907062475102405,137.1,False,,,,,,,,,
lightgcn,active,2022,194,0.0070134151516718845,137.7,False,,,,,,,,,
lightgcn,active,2022,195,0.00729318458033151,138.3,True,0.013951234147636138,0.026229243356143045,0.042735042735042736,0.08974358974358974,0.011009870705104731,0.016250448248927497,0.021067923845701622,0.037041071068848845,best
lightgcn,active,2022,196,0.00672212869385881,139.3,False,,,,,,,,,
lightgcn,active,2022,197,0.006922974244075105,139.9,False,,,,,,,,,
lightgcn,active,2022,198,0.006734954963712105,140.5,False,,,,,,,,,
lightgcn,active,2022,199,0.006699454096033727,141.1,False,,,,,,,,,
lightgcn,active,2022,200,0.0067180982255608136,141.8,True,0.01406662897102436,0.0263100197325148,0.05128205128205128,0.0811965811965812,0.011704835456287,0.015933751190635694,0.022880925658703432,0.03693007095784873,khong cai thien (1/20)
lightgcn,active,2022,201,0.006827625925577005,142.7,False,,,,,,,,,
lightgcn,active,2022,202,0.006938647210921815,143.4,False,,,,,,,,,
lightgcn,active,2022,203,0.006674522123404017,144.0,False,,,,,,,,,
lightgcn,active,2022,204,0.006821890046262035,144.6,False,,,,,,,,,
lightgcn,active,2022,205,0.006671032878992306,145.2,True,0.014089707935702004,0.026575427826307712,0.04700854700854701,0.08547008547008547,0.011167244274852208,0.016192443873339516,0.02145642423420201,0.03699790435901547,khong cai thien (2/20)
lightgcn,active,2022,206,0.0066334236455465444,146.2,False,,,,,,,,,
lightgcn,active,2022,207,0.00656746663983327,146.8,False,,,,,,,,,
lightgcn,active,2022,208,0.0067070846149529404,147.5,False,,,,,,,,,
lightgcn,active,2022,209,0.006595642467592276,148.1,False,,,,,,,,,
lightgcn,active,2022,210,0.006727652625454048,148.8,True,0.014089707935702004,0.026794677990745336,0.05128205128205128,0.08547008547008547,0.012544321696624356,0.01630217294428579,0.025729928507706282,0.03699790435901547,best
lightgcn,active,2022,211,0.006539860138542457,149.9,False,,,,,,,,,
lightgcn,active,2022,212,0.006743925469794433,150.5,False,,,,,,,,,
lightgcn,active,2022,213,0.006439382825873255,151.2,False,,,,,,,,,
lightgcn,active,2022,214,0.0063897385282642395,151.8,False,,,,,,,,,
lightgcn,active,2022,215,0.0064171248397105335,152.5,True,0.014182023794412583,0.026783138508406513,0.05128205128205128,0.08547008547008547,0.012592090192751529,0.016372526318441622,0.025729928507706282,0.03699790435901547,best
lightgcn,active,2022,216,0.00642695202016245,153.4,False,,,,,,,,,
lightgcn,active,2022,217,0.006419611071171311,154.1,False,,,,,,,,,
lightgcn,active,2022,218,0.006445234580044663,154.7,False,,,,,,,,,
lightgcn,active,2022,219,0.006362696437106328,155.3,False,,,,,,,,,
lightgcn,active,2022,220,0.006330553413421561,155.9,True,0.014158944829734938,0.026840835920100625,0.05128205128205128,0.0811965811965812,0.01288661020548797,0.01610788389410003,0.025729928507706282,0.035573402934514047,khong cai thien (1/20)
lightgcn,active,2022,221,0.006569287329214075,156.9,False,,,,,,,,,
lightgcn,active,2022,222,0.0064559106049041715,157.5,False,,,,,,,,,
lightgcn,active,2022,223,0.006013669589155297,158.2,False,,,,,,,,,
lightgcn,active,2022,224,0.0062505267029726915,158.8,False,,,,,,,,,
lightgcn,active,2022,225,0.006345583603738849,159.4,True,0.014355116029494916,0.026990849190505314,0.05555555555555555,0.08547008547008547,0.01337372570295334,0.0165409562329001,0.027154429932207708,0.03699790435901547,best
lightgcn,active,2022,226,0.00629662345941542,160.4,False,,,,,,,,,
lightgcn,active,2022,227,0.006238104662334937,161.0,False,,,,,,,,,
lightgcn,active,2022,228,0.006205046623590664,161.7,False,,,,,,,,,
lightgcn,active,2022,229,0.006238466396254587,162.3,False,,,,,,,,,
lightgcn,active,2022,230,0.006067938834605485,163.0,True,0.01437819499417256,0.02732549417833116,0.05555555555555555,0.07692307692307693,0.013013066850152272,0.015608249755653234,0.027154429932207708,0.03530630891742003,khong cai thien (1/20)
lightgcn,active,2022,231,0.006197961549927511,164.1,False,,,,,,,,,
lightgcn,active,2022,232,0.006237006750453172,164.7,False,,,,,,,,,
lightgcn,active,2022,233,0.006320822496388002,165.4,False,,,,,,,,,
lightgcn,active,2022,234,0.00612854996385827,166.0,False,,,,,,,,,
lightgcn,active,2022,235,0.006120983120490233,166.7,True,0.01437819499417256,0.027452428484058204,0.05555555555555555,0.0811965811965812,0.013188426734155538,0.016239908043449842,0.027154429932207708,0.03673081034192145,khong cai thien (2/20)
lightgcn,active,2022,236,0.006148235242139182,167.6,False,,,,,,,,,
lightgcn,active,2022,237,0.006055599238093599,168.2,False,,,,,,,,,
lightgcn,active,2022,238,0.005933802145974659,168.9,False,,,,,,,,,
lightgcn,active,2022,239,0.005981850786562478,169.5,False,,,,,,,,,
lightgcn,active,2022,240,0.005909391563413017,170.1,True,0.014539747746916073,0.027602441754462893,0.05982905982905983,0.08547008547008547,0.013785325390146846,0.017049029882459613,0.02857893135670913,0.04029206390317501,best
lightgcn,active,2022,241,0.0059659306720725724,171.1,False,,,,,,,,,
lightgcn,active,2022,242,0.006058764295684398,171.7,False,,,,,,,,,
lightgcn,active,2022,243,0.005900240229910832,172.3,False,,,,,,,,,
lightgcn,active,2022,244,0.0060504301413648,173.0,False,,,,,,,,,
lightgcn,active,2022,245,0.006148377003518623,173.6,True,0.014666682052643118,0.02778707347188405,0.05982905982905983,0.08547008547008547,0.013771048800564917,0.017388233868562693,0.02857893135670913,0.041004314615425724,best
lightgcn,active,2022,246,0.005918108632588008,174.6,False,,,,,,,,,
lightgcn,active,2022,247,0.0061789259548429756,175.2,False,,,,,,,,,
lightgcn,active,2022,248,0.005993856136476325,175.9,False,,,,,,,,,
lightgcn,active,2022,249,0.00585679088006495,176.6,False,,,,,,,,,
lightgcn,active,2022,250,0.0057863802421679955,177.2,True,0.014793616358370164,0.027798612954222875,0.05555555555555555,0.08974358974358974,0.013299228993013671,0.017647660183582742,0.027154429932207708,0.04153850264961376,best
lightgcn,active,2022,251,0.005867468863477021,178.3,False,,,,,,,,,
lightgcn,active,2022,252,0.005886039250163206,179.0,False,,,,,,,,,
lightgcn,active,2022,253,0.005697505853274826,179.6,False,,,,,,,,,
lightgcn,active,2022,254,0.00565948594403548,180.2,False,,,,,,,,,
lightgcn,active,2022,255,0.005952266843235878,180.8,True,0.014666682052643118,0.027821691918900517,0.05555555555555555,0.08547008547008547,0.01336716860629861,0.01759709523307861,0.027154429932207708,0.04147066924844703,khong cai thien (1/20)
lightgcn,active,2022,256,0.005857852122497343,181.8,False,,,,,,,,,
lightgcn,active,2022,257,0.005662287243536112,182.5,False,,,,,,,,,
lightgcn,active,2022,258,0.00570500831451245,183.1,False,,,,,,,,,
lightgcn,active,2022,259,0.005842368189820797,183.7,False,,,,,,,,,
lightgcn,active,2022,260,0.005777657012123416,184.3,True,0.014689761017320764,0.028006323636321676,0.05555555555555555,0.08547008547008547,0.013424941389572325,0.017858838460860896,0.027154429932207708,0.04200485728263506,best
lightgcn,active,2022,261,0.005892472322530375,185.3,False,,,,,,,,,
lightgcn,active,2022,262,0.005693971664627104,185.9,False,,,,,,,,,
lightgcn,active,2022,263,0.005671810716718993,186.6,False,,,,,,,,,
lightgcn,active,2022,264,0.00561879719161466,187.2,False,,,,,,,,,
lightgcn,active,2022,265,0.005683659013703982,187.8,True,0.014897471699419565,0.028306350177131054,0.05555555555555555,0.08547008547008547,0.013491644552020617,0.017854138509381653,0.027154429932207708,0.04185916963694741,khong cai thien (1/20)
lightgcn,active,2022,266,0.005615695899615822,188.8,False,,,,,,,,,
lightgcn,active,2022,267,0.005618483746901997,189.5,False,,,,,,,,,
lightgcn,active,2022,268,0.005609820606262204,190.1,False,,,,,,,,,
lightgcn,active,2022,269,0.005622633349878543,190.8,False,,,,,,,,,
lightgcn,active,2022,270,0.005581102378486761,191.5,True,0.01493209014643603,0.028317889659469877,0.05555555555555555,0.0811965811965812,0.013454883026123726,0.016598096545195416,0.027154429932207708,0.03719716497494275,khong cai thien (2/20)
lightgcn,active,2022,271,0.005496865151947064,192.5,False,,,,,,,,,
lightgcn,active,2022,272,0.005686395736978934,193.2,False,,,,,,,,,
lightgcn,active,2022,273,0.0054540679510559605,193.9,False,,,,,,,,,
lightgcn,active,2022,274,0.005545142392723765,194.5,False,,,,,,,,,
lightgcn,active,2022,275,0.005465923237346437,195.1,True,0.01502440600514661,0.028629455682618078,0.05555555555555555,0.07264957264957266,0.013357131514266079,0.015932058062084472,0.027154429932207708,0.03562697590475368,khong cai thien (3/20)
lightgcn,active,2022,276,0.005580770762400054,196.1,False,,,,,,,,,
lightgcn,active,2022,277,0.005503794076151245,196.7,False,,,,,,,,,
lightgcn,active,2022,278,0.005448542840332891,197.4,False,,,,,,,,,
lightgcn,active,2022,279,0.005585123942282744,198.0,False,,,,,,,,,
lightgcn,active,2022,280,0.005719745264443186,198.6,True,0.015105182381518365,0.028664074129634544,0.05555555555555555,0.07692307692307693,0.01346966267819475,0.01624298794542468,0.027154429932207708,0.03616116393894172,khong cai thien (4/20)
lightgcn,active,2022,281,0.005389617832551125,199.6,False,,,,,,,,,
lightgcn,active,2022,282,0.005539788446863784,200.2,False,,,,,,,,,
lightgcn,active,2022,283,0.005569081455075939,200.8,False,,,,,,,,,
lightgcn,active,2022,284,0.0055575969263051885,201.5,False,,,,,,,,,
lightgcn,active,2022,285,0.005554128466592762,202.1,True,0.015139800828534831,0.02854867930624632,0.05128205128205128,0.07264957264957266,0.012948436665918899,0.016001752415690438,0.025729928507706282,0.03562697590475368,khong cai thien (5/20)
lightgcn,active,2022,286,0.005571206056855456,203.1,False,,,,,,,,,
lightgcn,active,2022,287,0.005475046116416167,203.7,False,,,,,,,,,
lightgcn,active,2022,288,0.005357156931750833,204.4,False,,,,,,,,,
lightgcn,active,2022,289,0.005319761965457735,205.0,False,,,,,,,,,
lightgcn,active,2022,290,0.005711057928533568,205.7,True,0.01512826134619601,0.02868715309431219,0.05555555555555555,0.0811965811965812,0.013485606227749912,0.016910566821768298,0.026264116541894318,0.03737954432398877,khong cai thien (6/20)
lightgcn,active,2022,291,0.005509351849278932,206.8,False,,,,,,,,,
lightgcn,active,2022,292,0.005500874753045173,207.4,False,,,,,,,,,
lightgcn,active,2022,293,0.00542787096236258,208.1,False,,,,,,,,,
lightgcn,active,2022,294,0.005429939677835942,208.7,False,,,,,,,,,
lightgcn,active,2022,295,0.005418074030814005,209.3,True,0.015278274616600699,0.028825626882378056,0.05982905982905983,0.0811965811965812,0.01457597212728757,0.017722615289920942,0.026307283251727695,0.03709464403908848,khong cai thien (7/20)
lightgcn,active,2022,296,0.005376069190566222,210.3,False,,,,,,,,,
lightgcn,active,2022,297,0.005379589643038147,210.9,False,,,,,,,,,
lightgcn,active,2022,298,0.005395919808415426,211.6,False,,,,,,,,,
lightgcn,active,2022,299,0.005292168564383708,212.2,False,,,,,,,,,
lightgcn,active,2022,300,0.005237292083198867,212.8,True,0.015139800828534831,0.028917942741088633,0.05982905982905983,0.08547008547008547,0.014863987673523827,0.019114176501630595,0.026307283251727695,0.04136814831259275,best
lightgcn,active,2022,301,0.0052326661250379405,213.8,False,,,,,,,,,
lightgcn,active,2022,302,0.005314027262300501,214.4,False,,,,,,,,,
lightgcn,active,2022,303,0.005292480014121062,215.1,False,,,,,,,,,
lightgcn,active,2022,304,0.005272898860576617,215.7,False,,,,,,,,,
lightgcn,active,2022,305,0.005327449699465118,216.3,True,0.015405208922327744,0.029114113940848615,0.05555555555555555,0.08547008547008547,0.014811150892142305,0.01924299808895023,0.026264116541894318,0.04136814831259275,best
lightgcn,active,2022,306,0.005230523597068965,217.3,False,,,,,,,,,
lightgcn,active,2022,307,0.00522722998305045,217.9,False,,,,,,,,,
lightgcn,active,2022,308,0.00535959471818956,218.6,False,,,,,,,,,
lightgcn,active,2022,309,0.005364827516179713,219.2,False,,,,,,,,,
lightgcn,active,2022,310,0.005246136344010603,219.9,True,0.015439827369344211,0.029114113940848615,0.05555555555555555,0.07692307692307693,0.014942115080717171,0.01821583590186308,0.026264116541894318,0.03709032736810514,khong cai thien (1/20)
lightgcn,active,2022,311,0.005194560491004773,221.0,False,,,,,,,,,
lightgcn,active,2022,312,0.00514186817614334,221.6,False,,,,,,,,,
lightgcn,active,2022,313,0.00515657083058601,222.3,False,,,,,,,,,
lightgcn,active,2022,314,0.005176894780577523,222.9,False,,,,,,,,,
lightgcn,active,2022,315,0.005045301393586256,223.5,True,0.015474445816360679,0.029137192905526257,0.05555555555555555,0.08974358974358974,0.013867939429470776,0.019527412350430554,0.026264116541894318,0.04606900301344746,best
lightgcn,active,2022,316,0.0052201068363701975,224.5,False,,,,,,,,,
lightgcn,active,2022,317,0.005167768009735837,225.1,False,,,,,,,,,
lightgcn,active,2022,318,0.005176679658901776,225.8,False,,,,,,,,,
lightgcn,active,2022,319,0.00500235172896812,226.4,False,,,,,,,,,
lightgcn,active,2022,320,0.005117519805942557,227.0,True,0.015520603745715967,0.029125653423187434,0.05555555555555555,0.08547008547008547,0.013707395397484626,0.018445378102072325,0.026264116541894318,0.041795498739943183,khong cai thien (1/20)
lightgcn,active,2022,321,0.005114114153741073,228.0,False,,,,,,,,,
lightgcn,active,2022,322,0.005187529038531725,228.6,False,,,,,,,,,
lightgcn,active,2022,323,0.0050475140544981745,229.3,False,,,,,,,,,
lightgcn,active,2022,324,0.005076827254723878,229.9,False,,,,,,,,,
lightgcn,active,2022,325,0.0052294947173098395,230.5,True,0.015555222192732435,0.029206429799559192,0.05555555555555555,0.08547008547008547,0.013686541711552699,0.018512948345212478,0.026264116541894318,0.041795498739943183,khong cai thien (2/20)
lightgcn,active,2022,326,0.005096720818872886,231.5,False,,,,,,,,,
lightgcn,active,2022,327,0.005027368137646152,232.2,False,,,,,,,,,
lightgcn,active,2022,328,0.005247223335845068,232.8,False,,,,,,,,,
lightgcn,active,2022,329,0.005047866931786759,233.5,False,,,,,,,,,
lightgcn,active,2022,330,0.0052241535051035515,234.2,True,0.015474445816360679,0.029264127211253304,0.05982905982905983,0.08547008547008547,0.014012748878966986,0.018576086234689503,0.026307283251727695,0.041795498739943183,khong cai thien (3/20)
lightgcn,active,2022,331,0.005098495435409054,235.3,False,,,,,,,,,
lightgcn,active,2022,332,0.005135205773890968,235.9,False,,,,,,,,,
lightgcn,active,2022,333,0.005147175185872441,236.5,False,,,,,,,,,
lightgcn,active,2022,334,0.005039048279522855,237.2,False,,,,,,,,,
lightgcn,active,2022,335,0.005089721226345396,237.8,True,0.015682156498459478,0.02940260099931917,0.05982905982905983,0.0811965811965812,0.01426703913205216,0.01774005477686971,0.026307283251727695,0.03752199446643891,khong cai thien (4/20)
lightgcn,active,2022,336,0.0050724675873346815,238.8,False,,,,,,,,,
lightgcn,active,2022,337,0.005092801374631232,239.4,False,,,,,,,,,
lightgcn,active,2022,338,0.005055378827104502,240.0,False,,,,,,,,,
lightgcn,active,2022,339,0.005239434922301416,240.6,False,,,,,,,,,
lightgcn,active,2022,340,0.005102272910107126,241.3,True,0.015670617016120658,0.029575693234401505,0.05982905982905983,0.0811965811965812,0.014765313643637524,0.01837119766696644,0.028400868678646454,0.04037099731544176,khong cai thien (5/20)
lightgcn,active,2022,341,0.005035860880415484,242.3,False,,,,,,,,,
lightgcn,active,2022,342,0.004948777245285063,242.9,False,,,,,,,,,
lightgcn,active,2022,343,0.00496456130495088,243.5,False,,,,,,,,,
lightgcn,active,2022,344,0.005073806853702564,244.1,False,,,,,,,,,
lightgcn,active,2022,345,0.00496966836311997,244.7,True,0.015624459086765368,0.02974878546948384,0.05555555555555555,0.0811965811965812,0.013807445143402777,0.018108633995631892,0.026264116541894318,0.04037099731544176,khong cai thien (6/20)
lightgcn,active,2022,346,0.005049109031321571,245.7,False,,,,,,,,,
lightgcn,active,2022,347,0.004878934529460996,246.4,False,,,,,,,,,
lightgcn,active,2022,348,0.004979209806537996,247.0,False,,,,,,,,,
lightgcn,active,2022,349,0.004913917617962361,247.7,False,,,,,,,,,
lightgcn,active,2022,350,0.0049934382940116945,248.4,True,0.01563599856910419,0.029921877704566172,0.05555555555555555,0.0811965811965812,0.015282705634441429,0.019252966821973156,0.027300117577895352,0.04037099731544176,khong cai thien (7/20)
lightgcn,active,2022,351,0.004996213709205399,249.5,False,,,,,,,,,
lightgcn,active,2022,352,0.004906281315706694,250.1,False,,,,,,,,,
lightgcn,active,2022,353,0.0049207984827327475,250.8,False,,,,,,,,,
lightgcn,active,2022,354,0.0049868108608061516,251.4,False,,,,,,,,,
lightgcn,active,2022,355,0.0048594820733548275,252.0,True,0.01584370925120299,0.029783403916500306,0.05982905982905983,0.08547008547008547,0.01452203190606171,0.020093480882231993,0.02768861796639574,0.04887483915261693,best
lightgcn,active,2022,356,0.004880492996613272,253.0,False,,,,,,,,,
lightgcn,active,2022,357,0.005023047555616783,253.6,False,,,,,,,,,
lightgcn,active,2022,358,0.004913115515360498,254.3,False,,,,,,,,,
lightgcn,active,2022,359,0.00504920592842769,254.9,False,,,,,,,,,
lightgcn,active,2022,360,0.004879842668703919,255.5,True,0.015705235463137124,0.02976032495182266,0.0641025641025641,0.08974358974358974,0.015279464755566184,0.020448811238620034,0.02982537010314788,0.04958708986486764,best
lightgcn,active,2022,361,0.004839063213949793,256.5,False,,,,,,,,,
lightgcn,active,2022,362,0.0050019392126257915,257.1,False,,,,,,,,,
lightgcn,active,2022,363,0.004730877945420775,257.7,False,,,,,,,,,
lightgcn,active,2022,364,0.004948217660407598,258.4,False,,,,,,,,,
lightgcn,active,2022,365,0.004806917678925318,259.0,True,0.01584370925120299,0.02971416702246737,0.05982905982905983,0.08974358974358974,0.015510896684006945,0.02122397124285347,0.028400868678646454,0.04958708986486764,best
lightgcn,active,2022,366,0.004938925365916079,260.0,False,,,,,,,,,
lightgcn,active,2022,367,0.0047464155116459655,260.6,False,,,,,,,,,
lightgcn,active,2022,368,0.004863984031710767,261.3,False,,,,,,,,,
lightgcn,active,2022,369,0.004866971188850853,262.0,False,,,,,,,,,
lightgcn,active,2022,370,0.005018954527723445,262.6,True,0.01588986718055828,0.029887259257549707,0.05128205128205128,0.08547008547008547,0.014620702520322113,0.02039100853687884,0.02587561615339393,0.045313585591363365,khong cai thien (1/20)
lightgcn,active,2022,371,0.004692731838220869,263.7,False,,,,,,,,,
lightgcn,active,2022,372,0.004926861757012923,264.4,False,,,,,,,,,
lightgcn,active,2022,373,0.004970742503021064,265.0,False,,,,,,,,,
lightgcn,active,2022,374,0.0047660502016270544,265.6,False,,,,,,,,,
lightgcn,active,2022,375,0.004741544958220362,266.2,True,0.015970643556930036,0.02980648288117795,0.05128205128205128,0.08547008547008547,0.013659179637968064,0.019534286545943434,0.02587561615339393,0.0457409360187138,khong cai thien (2/20)
lightgcn,active,2022,376,0.004914969726551729,267.2,False,,,,,,,,,
lightgcn,active,2022,377,0.004907598424924601,267.8,False,,,,,,,,,
lightgcn,active,2022,378,0.004677975468124351,268.4,False,,,,,,,,,
lightgcn,active,2022,379,0.004845882330365447,269.1,False,,,,,,,,,
lightgcn,active,2022,380,0.004847492348266353,269.7,True,0.01618989372136766,0.029887259257549707,0.05555555555555555,0.08547008547008547,0.013753591546158581,0.019332150951364372,0.026587866865644644,0.0457409360187138,khong cai thien (3/20)
lightgcn,active,2022,381,0.004724419892998169,270.7,False,,,,,,,,,
lightgcn,active,2022,382,0.004708864138828929,271.3,False,,,,,,,,,
lightgcn,active,2022,383,0.004699358273704277,271.9,False,,,,,,,,,
lightgcn,active,2022,384,0.004679733499602419,272.5,False,,,,,,,,,
lightgcn,active,2022,385,0.00479721941659068,273.2,True,0.01609757786265708,0.029841101328194418,0.05555555555555555,0.08974358974358974,0.01407745451770008,0.02075400293329643,0.026818089318089315,0.05065546593324371,khong cai thien (4/20)
lightgcn,active,2022,386,0.004792463403952177,274.2,False,,,,,,,,,
lightgcn,active,2022,387,0.004814205822509462,274.8,False,,,,,,,,,
lightgcn,active,2022,388,0.0047036918039698285,275.5,False,,,,,,,,,
lightgcn,active,2022,389,0.004709503579886165,276.2,False,,,,,,,,,
lightgcn,active,2022,390,0.0047001971233549995,276.8,True,0.016016801486285325,0.029829561845855595,0.05128205128205128,0.08547008547008547,0.01339103226112715,0.019246114475270252,0.026105838605838608,0.04599346127123905,khong cai thien (5/20)
lightgcn,active,2022,391,0.004725745435548792,277.9,False,,,,,,,,,
lightgcn,active,2022,392,0.004755473442897073,278.6,False,,,,,,,,,
lightgcn,active,2022,393,0.004811929637226975,279.2,False,,,,,,,,,
lightgcn,active,2022,394,0.00479428839341488,279.8,False,,,,,,,,,
lightgcn,active,2022,395,0.004714396293909996,280.5,True,0.016109117344995903,0.030187285798359085,0.05128205128205128,0.08974358974358974,0.013355444287472349,0.02020286006218575,0.026105838605838608,0.050266965544743324,khong cai thien (6/20)
lightgcn,active,2022,396,0.004613285447427239,281.5,False,,,,,,,,,
lightgcn,active,2022,397,0.004631560692111868,282.1,False,,,,,,,,,
lightgcn,active,2022,398,0.00465828825463785,282.7,False,,,,,,,,,
lightgcn,active,2022,399,0.00472197880064108,283.3,False,,,,,,,,,
lightgcn,active,2022,400,0.004706928419468856,284.0,True,0.01613219630967355,0.030083430457309684,0.05555555555555555,0.09401709401709402,0.013978622204426768,0.021728714657645854,0.026264116541894318,0.05492897020674798,best
lightgcn,active,2022,401,0.00476532342428321,284.9,False,,,,,,,,,
lightgcn,active,2022,402,0.00461812966667303,285.5,False,,,,,,,,,
lightgcn,active,2022,403,0.0045791806713408245,286.2,False,,,,,,,,,
lightgcn,active,2022,404,0.0048193188496505595,286.8,False,,,,,,,,,
lightgcn,active,2022,405,0.004630364960169169,287.4,True,0.016247591133061772,0.030129588386664973,0.05128205128205128,0.08974358974358974,0.014055366996783137,0.020846218437108918,0.026105838605838608,0.050266965544743324,khong cai thien (1/20)
lightgcn,active,2022,406,0.004581067813440643,288.4,False,,,,,,,,,
lightgcn,active,2022,407,0.004781002893266217,289.1,False,,,,,,,,,
lightgcn,active,2022,408,0.004672270269084581,289.8,False,,,,,,,,,
lightgcn,active,2022,409,0.004672943055659155,290.4,False,,,,,,,,,
lightgcn,active,2022,410,0.004666133929807295,291.1,True,0.016386064921127638,0.03031422010408613,0.05128205128205128,0.08974358974358974,0.013313346328002911,0.020368047413527803,0.026105838605838608,0.050694315972093756,khong cai thien (2/20)
lightgcn,active,2022,411,0.004588587666977004,292.1,False,,,,,,,,,
lightgcn,active,2022,412,0.004738955292528896,292.8,False,,,,,,,,,
lightgcn,active,2022,413,0.00462671721118763,293.4,False,,,,,,,,,
lightgcn,active,2022,414,0.0044962222810860175,294.0,False,,,,,,,,,
lightgcn,active,2022,415,0.004682849239799929,294.6,True,0.016351446474111173,0.03046423337449082,0.05555555555555555,0.08974358974358974,0.013488703337099865,0.019765711379827827,0.026818089318089315,0.0478453131230909,khong cai thien (3/20)
lightgcn,active,2022,416,0.0045401553172585854,295.6,False,,,,,,,,,
lightgcn,active,2022,417,0.004668425228534629,296.3,False,,,,,,,,,
lightgcn,active,2022,418,0.00452108783752061,296.9,False,,,,,,,,,
lightgcn,active,2022,419,0.004740334923604464,297.5,False,,,,,,,,,
lightgcn,active,2022,420,0.004567119838042296,298.1,True,0.01648992026217704,0.030602707162556687,0.05555555555555555,0.09401709401709402,0.014377963758793343,0.021794642568258606,0.026818089318089315,0.05250731778509556,best
lightgcn,active,2022,421,0.004556482721182868,299.1,False,,,,,,,,,
lightgcn,active,2022,422,0.004670139694507794,299.7,False,,,,,,,,,
lightgcn,active,2022,423,0.0046252001718900294,300.4,False,,,,,,,,,
lightgcn,active,2022,424,0.004512059096559158,301.0,False,,,,,,,,,
lightgcn,active,2022,425,0.004573063259487753,301.6,True,0.016570696638548793,0.030833496809333134,0.05555555555555555,0.08974358974358974,0.014716022981943796,0.02117814730783035,0.026818089318089315,0.048233813511591284,khong cai thien (1/20)
lightgcn,active,2022,426,0.004537066806554506,302.7,False,,,,,,,,,
lightgcn,active,2022,427,0.0045794218950232085,303.3,False,,,,,,,,,
lightgcn,active,2022,428,0.004477569200776763,304.0,False,,,,,,,,,
lightgcn,active,2022,429,0.0045746501086223875,304.6,False,,,,,,,,,
lightgcn,active,2022,430,0.004641701475942063,305.3,True,0.016559157156209973,0.030937352150382534,0.05982905982905983,0.08547008547008547,0.014466186935479512,0.02020469074761243,0.026976367254145033,0.04680931208708987,khong cai thien (2/20)
lightgcn,active,2022,431,0.00459381926366016,306.4,False,,,,,,,,,
lightgcn,active,2022,432,0.004655862687217139,307.0,False,,,,,,,,,
lightgcn,active,2022,433,0.00447890261052132,307.7,False,,,,,,,,,
lightgcn,active,2022,434,0.004546826137524235,308.3,False,,,,,,,,,
lightgcn,active,2022,435,0.004461968256046705,308.9,True,0.01665147301492055,0.03101812852675429,0.05128205128205128,0.08974358974358974,0.0126428414569176,0.020047553772165265,0.02231436259214037,0.048233813511591284,khong cai thien (3/20)
lightgcn,active,2022,436,0.004579313367943451,309.9,False,,,,,,,,,
lightgcn,active,2022,437,0.004499365706148659,310.5,False,,,,,,,,,
lightgcn,active,2022,438,0.004531000139625509,311.1,False,,,,,,,,,
lightgcn,active,2022,439,0.0044785988504710255,311.8,False,,,,,,,,,
lightgcn,active,2022,440,0.004599618694021386,312.4,True,0.01675532835596995,0.03112198386780369,0.05555555555555555,0.08547008547008547,0.013168140530007196,0.019181620708226613,0.022702862980640757,0.043532958810736586,khong cai thien (4/20)
lightgcn,active,2022,441,0.004497745125191194,313.4,False,,,,,,,,,
lightgcn,active,2022,442,0.004553944277607722,314.0,False,,,,,,,,,
lightgcn,active,2022,443,0.004419279296333801,314.6,False,,,,,,,,,
lightgcn,active,2022,444,0.004488858381083488,315.2,False,,,,,,,,,
lightgcn,active,2022,445,0.004501506589071045,315.9,True,0.01674378887363113,0.03111044438546487,0.05128205128205128,0.08547008547008547,0.013179941112604732,0.01952171947729011,0.022544585044585043,0.043532958810736586,khong cai thien (5/20)
lightgcn,active,2022,446,0.0044230374669756685,316.9,False,,,,,,,,,
lightgcn,active,2022,447,0.0045188676028748865,317.6,False,,,,,,,,,
lightgcn,active,2022,448,0.004603210278399761,318.2,False,,,,,,,,,
lightgcn,active,2022,449,0.004398442520116418,318.9,False,,,,,,,,,
lightgcn,active,2022,450,0.004560484647784619,319.6,True,0.016778407320647597,0.031087365420787223,0.04700854700854701,0.0811965811965812,0.012434661561373765,0.017609409278125085,0.021832334332334332,0.03780257808035585,khong cai thien (6/20)
lightgcn,active,2022,451,0.0046176096787106284,320.7,False,,,,,,,,,
lightgcn,active,2022,452,0.004647648304923599,321.3,False,,,,,,,,,
lightgcn,active,2022,453,0.004400376635165265,321.9,False,,,,,,,,,
lightgcn,active,2022,454,0.00434735105024186,322.5,False,,,,,,,,,
lightgcn,active,2022,455,0.004421818431371039,323.1,True,0.01665147301492055,0.031145062832481335,0.05128205128205128,0.0811965811965812,0.01303336944517148,0.017903473763831553,0.022544585044585043,0.03780257808035585,khong cai thien (7/20)
lightgcn,active,2022,456,0.0044609619525152406,324.1,False,,,,,,,,,
lightgcn,active,2022,457,0.004411952118902132,324.7,False,,,,,,,,,
lightgcn,active,2022,458,0.004471307699927464,325.4,False,,,,,,,,,
lightgcn,active,2022,459,0.004441116225612992,326.0,False,,,,,,,,,
lightgcn,active,2022,460,0.004548401752296408,326.6,True,0.016570696638548793,0.031352773514580136,0.05128205128205128,0.07692307692307693,0.013260626419664407,0.01782915983154725,0.022544585044585043,0.03676657704435482,khong cai thien (8/20)
lightgcn,active,2022,461,0.004377312524588206,327.6,False,,,,,,,,,
lightgcn,active,2022,462,0.0045306314523817426,328.2,False,,,,,,,,,
lightgcn,active,2022,463,0.0044864694136045645,328.9,False,,,,,,,,,
lightgcn,active,2022,464,0.00435680244408548,329.5,False,,,,,,,,,
lightgcn,active,2022,465,0.004386368530546302,330.1,True,0.016778407320647597,0.031352773514580136,0.04700854700854701,0.0811965811965812,0.012784122582837218,0.01877011646742759,0.021832334332334332,0.04104008131785909,khong cai thien (9/20)
lightgcn,active,2022,466,0.004419801140651738,331.2,False,,,,,,,,,
lightgcn,active,2022,467,0.004385030257348861,331.8,False,,,,,,,,,
lightgcn,active,2022,468,0.004515149051410006,332.5,False,,,,,,,,,
lightgcn,active,2022,469,0.004400163727166827,333.1,False,,,,,,,,,
lightgcn,active,2022,470,0.004390253464542689,333.8,True,0.01680148628532524,0.0313873919615966,0.04700854700854701,0.07692307692307693,0.013737615689882212,0.01835390122530602,0.021832334332334332,0.036378076655854436,khong cai thien (10/20)
lightgcn,active,2022,471,0.004496159193751638,334.9,False,,,,,,,,,
lightgcn,active,2022,472,0.004392261252032903,335.5,False,,,,,,,,,
lightgcn,active,2022,473,0.004442983444451507,336.1,False,,,,,,,,,
lightgcn,active,2022,474,0.004473872947104604,336.8,False,,,,,,,,,
lightgcn,active,2022,475,0.004360095764358813,337.4,True,0.016709170426614663,0.03139893144393543,0.04700854700854701,0.07264957264957266,0.012683067599556092,0.017393807460247823,0.021832334332334332,0.03660829910829911,khong cai thien (11/20)
lightgcn,active,2022,476,0.004439752610339519,338.4,False,,,,,,,,,
lightgcn,active,2022,477,0.004504821047549369,339.0,False,,,,,,,,,
lightgcn,active,2022,478,0.004456507203446995,339.6,False,,,,,,,,,
lightgcn,active,2022,479,0.0043167860414972965,340.3,False,,,,,,,,,
lightgcn,active,2022,480,0.0043555296865006084,340.9,True,0.016928420591052287,0.031514326267323645,0.04700854700854701,0.07692307692307693,0.012913944310304,0.018381763859273644,0.021832334332334332,0.040454452954452956,khong cai thien (12/20)
lightgcn,active,2022,481,0.004411297499949902,341.9,False,,,,,,,,,
lightgcn,active,2022,482,0.004320350220778805,342.5,False,,,,,,,,,
lightgcn,active,2022,483,0.004398695510617512,343.1,False,,,,,,,,,
lightgcn,active,2022,484,0.004364546991280243,343.8,False,,,,,,,,,
lightgcn,active,2022,485,0.0044133576080871,344.4,True,0.016882262661696998,0.031641260573050695,0.04700854700854701,0.07264957264957266,0.01250142027558114,0.01685134468761736,0.021832334332334332,0.0357924482924483,khong cai thien (13/20)
lightgcn,active,2022,486,0.004435422641089491,345.5,False,,,,,,,,,
lightgcn,active,2022,487,0.004382445564350935,346.1,False,,,,,,,,,
lightgcn,active,2022,488,0.004360010633630028,346.8,False,,,,,,,,,
lightgcn,active,2022,489,0.004359351791229874,347.5,False,,,,,,,,,
lightgcn,active,2022,490,0.004392916625334167,348.1,True,0.01690534162637464,0.03162972109071187,0.04700854700854701,0.07264957264957266,0.012887074733187743,0.017272890930835737,0.021832334332334332,0.0357924482924483,khong cai thien (14/20)
lightgcn,active,2022,491,0.004502353201566966,349.1,False,,,,,,,,,
lightgcn,active,2022,492,0.004359734865817544,349.8,False,,,,,,,,,
lightgcn,active,2022,493,0.0043297551996743025,350.4,False,,,,,,,,,
lightgcn,active,2022,494,0.004525822690832422,351.0,False,,,,,,,,,
lightgcn,active,2022,495,0.004385834554538505,351.6,True,0.016997657485085218,0.03166433953772834,0.05555555555555555,0.07264957264957266,0.014497686646101238,0.017198263066048332,0.02824259074259074,0.03621979871979872,khong cai thien (15/20)
lightgcn,active,2022,496,0.004407440315305575,352.6,False,,,,,,,,,
lightgcn,active,2022,497,0.004400152778770289,353.2,False,,,,,,,,,
lightgcn,active,2022,498,0.004296340062050981,353.8,False,,,,,,,,,
lightgcn,active,2022,499,0.004324470464298999,354.4,False,,,,,,,,,
lightgcn,active,2022,500,0.0043216740894922254,355.1,True,0.01705535489677933,0.03173357643176127,0.05555555555555555,0.06837606837606838,0.014356157903618041,0.016703085181711895,0.02824259074259074,0.035507548007548004,khong cai thien (16/20)
lightgcn,active,2022,501,0.0043008378093727095,356.0,False,,,,,,,,,
lightgcn,active,2022,502,0.004324165393452779,356.6,False,,,,,,,,,
lightgcn,active,2022,503,0.004235569936029325,357.3,False,,,,,,,,,
lightgcn,active,2022,504,0.0042762491972761505,357.9,False,,,,,,,,,
lightgcn,active,2022,505,0.004363053343423302,358.5,True,0.01700919696742404,0.03177973436111656,0.05555555555555555,0.06837606837606838,0.014252565823107589,0.017009430165753698,0.02824259074259074,0.036575924075924075,khong cai thien (17/20)
lightgcn,active,2022,506,0.0044022954781036475,359.6,False,,,,,,,,,
lightgcn,active,2022,507,0.00447521369989024,360.2,False,,,,,,,,,
lightgcn,active,2022,508,0.004480703746330329,360.9,False,,,,,,,,,
lightgcn,active,2022,509,0.004193889593975105,361.6,False,,,,,,,,,
lightgcn,active,2022,510,0.004333780371924575,362.2,True,0.017020736449762864,0.03156048419667894,0.05555555555555555,0.06837606837606838,0.015581568842921924,0.018347793385631275,0.02824259074259074,0.036575924075924075,khong cai thien (18/20)
lightgcn,active,2022,511,0.004277766238320865,363.2,False,,,,,,,,,
lightgcn,active,2022,512,0.004297859019551984,363.8,False,,,,,,,,,
lightgcn,active,2022,513,0.004339649731781814,364.4,False,,,,,,,,,
lightgcn,active,2022,514,0.004361645397702862,365.1,False,,,,,,,,,
lightgcn,active,2022,515,0.004298061618248506,365.7,True,0.0170899733437958,0.031572023679017756,0.05555555555555555,0.07692307692307693,0.015489194626128949,0.019331860839744842,0.02824259074259074,0.04100770628548406,khong cai thien (19/20)
lightgcn,active,2022,516,0.004222649548812441,366.7,False,,,,,,,,,
lightgcn,active,2022,517,0.004318737338639375,367.3,False,,,,,,,,,
lightgcn,active,2022,518,0.004327487588771875,367.9,False,,,,,,,,,
lightgcn,active,2022,519,0.004261821444408016,368.6,False,,,,,,,,,
lightgcn,active,2022,520,0.004202066810114513,369.2,True,0.017020736449762864,0.03160664212603423,0.05128205128205128,0.07264957264957266,0.014064720711076274,0.01742437226622504,0.027854090354090352,0.03728817478817478,khong cai thien (20/20)
